timestamp,station,lat,lon,magnitude,event
2025-01-14T09:00:17,METG,60.22,24.4,2.678,Jan 14 2025 — 10dB recorded
2025-01-14T09:00:18,METG,60.22,24.4,5.603,Jan 14 2025 — 10dB recorded
2025-01-14T09:01:53,METG,60.22,24.4,2.686,Jan 14 2025 — 10dB recorded
2025-01-14T09:01:54,METG,60.22,24.4,3.037,Jan 14 2025 — 10dB recorded
2025-01-14T09:03:19,METG,60.22,24.4,2.931,Jan 14 2025 — 10dB recorded
2025-01-14T09:04:52,METG,60.22,24.4,2.975,Jan 14 2025 — 10dB recorded
2025-01-14T09:04:53,METG,60.22,24.4,2.934,Jan 14 2025 — 10dB recorded
2025-01-14T09:17:24,METG,60.22,24.4,4.38,Jan 14 2025 — 10dB recorded
2025-01-14T09:18:54,METG,60.22,24.4,2.572,Jan 14 2025 — 10dB recorded
2025-01-14T09:18:55,METG,60.22,24.4,3.328,Jan 14 2025 — 10dB recorded
2025-01-14T09:20:26,METG,60.22,24.4,3.9,Jan 14 2025 — 10dB recorded
2025-01-14T09:20:27,METG,60.22,24.4,4.091,Jan 14 2025 — 10dB recorded
2025-01-14T09:21:57,METG,60.22,24.4,4.396,Jan 14 2025 — 10dB recorded
2025-01-14T09:21:58,METG,60.22,24.4,4.355,Jan 14 2025 — 10dB recorded
2025-01-14T09:23:18,METG,60.22,24.4,3.229,Jan 14 2025 — 10dB recorded
2025-01-14T12:08:09,METG,60.22,24.4,3.319,Jan 14 2025 — 10dB recorded
2025-01-14T12:12:29,METG,60.22,24.4,3.027,Jan 14 2025 — 10dB recorded
2025-01-14T12:12:30,METG,60.22,24.4,6.009,Jan 14 2025 — 10dB recorded
2025-01-14T12:15:10,METG,60.22,24.4,2.866,Jan 14 2025 — 10dB recorded
2025-01-14T12:17:08,METG,60.22,24.4,3.594,Jan 14 2025 — 10dB recorded
2025-01-14T12:17:09,METG,60.22,24.4,2.77,Jan 14 2025 — 10dB recorded
2025-01-14T12:29:00,METG,60.22,24.4,5.014,Jan 14 2025 — 10dB recorded
2025-01-14T12:29:01,METG,60.22,24.4,2.894,Jan 14 2025 — 10dB recorded
2025-01-14T12:30:29,METG,60.22,24.4,3.059,Jan 14 2025 — 10dB recorded
2025-01-14T12:30:30,METG,60.22,24.4,2.588,Jan 14 2025 — 10dB recorded
2025-01-14T12:31:53,METG,60.22,24.4,5.435,Jan 14 2025 — 10dB recorded
2025-01-14T12:33:16,METG,60.22,24.4,3.297,Jan 14 2025 — 10dB recorded
2025-01-14T12:34:37,METG,60.22,24.4,3.426,Jan 14 2025 — 10dB recorded
2025-01-14T12:34:38,METG,60.22,24.4,3.115,Jan 14 2025 — 10dB recorded
2025-01-14T12:47:21,METG,60.22,24.4,3.758,Jan 14 2025 — 10dB recorded
2025-01-14T12:47:22,METG,60.22,24.4,2.808,Jan 14 2025 — 10dB recorded
2025-01-14T12:48:43,METG,60.22,24.4,3.697,Jan 14 2025 — 10dB recorded
2025-01-14T12:48:44,METG,60.22,24.4,2.867,Jan 14 2025 — 10dB recorded
2025-01-14T12:50:11,METG,60.22,24.4,3.553,Jan 14 2025 — 10dB recorded
2025-01-14T12:50:12,METG,60.22,24.4,2.933,Jan 14 2025 — 10dB recorded
2025-01-14T12:51:42,METG,60.22,24.4,3.031,Jan 14 2025 — 10dB recorded
2025-01-14T12:51:43,METG,60.22,24.4,3.322,Jan 14 2025 — 10dB recorded
2025-01-14T12:53:35,METG,60.22,24.4,3.681,Jan 14 2025 — 10dB recorded
2025-01-14T09:00:18,MATE,40.65,16.7,3.295,Jan 14 2025 — 10dB recorded
2025-01-14T09:04:53,MATE,40.65,16.7,2.678,Jan 14 2025 — 10dB recorded
2025-01-14T12:08:08,MATE,40.65,16.7,3.611,Jan 14 2025 — 10dB recorded
2025-01-14T12:08:09,MATE,40.65,16.7,3.728,Jan 14 2025 — 10dB recorded
2025-01-14T12:12:29,MATE,40.65,16.7,4.356,Jan 14 2025 — 10dB recorded
2025-01-14T12:12:30,MATE,40.65,16.7,3.483,Jan 14 2025 — 10dB recorded
2025-01-14T12:15:09,MATE,40.65,16.7,3.633,Jan 14 2025 — 10dB recorded
2025-01-14T12:15:10,MATE,40.65,16.7,4.108,Jan 14 2025 — 10dB recorded
2025-01-14T12:17:08,MATE,40.65,16.7,4.378,Jan 14 2025 — 10dB recorded
2025-01-14T12:17:09,MATE,40.65,16.7,4.172,Jan 14 2025 — 10dB recorded
2025-01-14T12:29:00,MATE,40.65,16.7,3.438,Jan 14 2025 — 10dB recorded
2025-01-14T12:29:01,MATE,40.65,16.7,2.788,Jan 14 2025 — 10dB recorded
2025-01-14T12:30:28,MATE,40.65,16.7,2.612,Jan 14 2025 — 10dB recorded
2025-01-14T12:30:29,MATE,40.65,16.7,3.594,Jan 14 2025 — 10dB recorded
2025-01-14T12:30:30,MATE,40.65,16.7,2.903,Jan 14 2025 — 10dB recorded
2025-01-14T12:31:52,MATE,40.65,16.7,2.775,Jan 14 2025 — 10dB recorded
2025-01-14T12:31:53,MATE,40.65,16.7,4.056,Jan 14 2025 — 10dB recorded
2025-01-14T12:31:54,MATE,40.65,16.7,3.325,Jan 14 2025 — 10dB recorded
2025-01-14T12:33:15,MATE,40.65,16.7,3.159,Jan 14 2025 — 10dB recorded
2025-01-14T12:33:16,MATE,40.65,16.7,3.216,Jan 14 2025 — 10dB recorded
2025-01-14T12:34:37,MATE,40.65,16.7,3.647,Jan 14 2025 — 10dB recorded
2025-01-14T12:34:38,MATE,40.65,16.7,3.297,Jan 14 2025 — 10dB recorded
2025-01-14T12:47:20,MATE,40.65,16.7,3.528,Jan 14 2025 — 10dB recorded
2025-01-14T12:47:21,MATE,40.65,16.7,4.319,Jan 14 2025 — 10dB recorded
2025-01-14T12:47:22,MATE,40.65,16.7,2.731,Jan 14 2025 — 10dB recorded
2025-01-14T12:48:42,MATE,40.65,16.7,3.131,Jan 14 2025 — 10dB recorded
2025-01-14T12:48:43,MATE,40.65,16.7,3.681,Jan 14 2025 — 10dB recorded
2025-01-14T12:48:44,MATE,40.65,16.7,2.884,Jan 14 2025 — 10dB recorded
2025-01-14T12:50:11,MATE,40.65,16.7,3.331,Jan 14 2025 — 10dB recorded
2025-01-14T12:50:12,MATE,40.65,16.7,2.631,Jan 14 2025 — 10dB recorded
2025-01-14T12:51:42,MATE,40.65,16.7,3.959,Jan 14 2025 — 10dB recorded
2025-01-14T12:51:43,MATE,40.65,16.7,3.284,Jan 14 2025 — 10dB recorded
2025-01-14T12:53:34,MATE,40.65,16.7,3.534,Jan 14 2025 — 10dB recorded
2025-01-14T12:53:35,MATE,40.65,16.7,4.157,Jan 14 2025 — 10dB recorded
2025-01-14T09:00:18,ONSA,57.4,11.93,4.538,Jan 14 2025 — 10dB recorded
2025-01-14T09:01:53,ONSA,57.4,11.93,3.385,Jan 14 2025 — 10dB recorded
2025-01-14T09:03:19,ONSA,57.4,11.93,4.25,Jan 14 2025 — 10dB recorded
2025-01-14T09:04:52,ONSA,57.4,11.93,3.542,Jan 14 2025 — 10dB recorded
2025-01-14T09:04:53,ONSA,57.4,11.93,2.542,Jan 14 2025 — 10dB recorded
2025-01-14T09:17:24,ONSA,57.4,11.93,4.455,Jan 14 2025 — 10dB recorded
2025-01-14T09:18:54,ONSA,57.4,11.93,2.636,Jan 14 2025 — 10dB recorded
2025-01-14T09:18:55,ONSA,57.4,11.93,4.364,Jan 14 2025 — 10dB recorded
2025-01-14T09:20:26,ONSA,57.4,11.93,4.091,Jan 14 2025 — 10dB recorded
2025-01-14T09:20:27,ONSA,57.4,11.93,3.5,Jan 14 2025 — 10dB recorded
2025-01-14T09:21:57,ONSA,57.4,11.93,2.727,Jan 14 2025 — 10dB recorded
2025-01-14T09:21:58,ONSA,57.4,11.93,3.182,Jan 14 2025 — 10dB recorded
2025-01-14T09:23:18,ONSA,57.4,11.93,4.455,Jan 14 2025 — 10dB recorded
2025-01-14T12:08:08,ONSA,57.4,11.93,3.25,Jan 14 2025 — 10dB recorded
2025-01-14T12:08:09,ONSA,57.4,11.93,5.35,Jan 14 2025 — 10dB recorded
2025-01-14T12:12:30,ONSA,57.4,11.93,2.773,Jan 14 2025 — 10dB recorded
2025-01-14T12:12:31,ONSA,57.4,11.93,2.727,Jan 14 2025 — 10dB recorded
2025-01-14T12:15:09,ONSA,57.4,11.93,3.3,Jan 14 2025 — 10dB recorded
2025-01-14T12:15:10,ONSA,57.4,11.93,5.25,Jan 14 2025 — 10dB recorded
2025-01-14T12:17:08,ONSA,57.4,11.93,4.4,Jan 14 2025 — 10dB recorded
2025-01-14T12:29:00,ONSA,57.4,11.93,3.95,Jan 14 2025 — 10dB recorded
2025-01-14T12:29:01,ONSA,57.4,11.93,2.65,Jan 14 2025 — 10dB recorded
2025-01-14T12:30:29,ONSA,57.4,11.93,4.05,Jan 14 2025 — 10dB recorded
2025-01-14T12:30:30,ONSA,57.4,11.93,2.85,Jan 14 2025 — 10dB recorded
2025-01-14T12:31:53,ONSA,57.4,11.93,4.25,Jan 14 2025 — 10dB recorded
2025-01-14T12:33:15,ONSA,57.4,11.93,2.55,Jan 14 2025 — 10dB recorded
2025-01-14T12:33:16,ONSA,57.4,11.93,4.55,Jan 14 2025 — 10dB recorded
2025-01-14T12:34:37,ONSA,57.4,11.93,3.8,Jan 14 2025 — 10dB recorded
2025-01-14T12:47:21,ONSA,57.4,11.93,4.05,Jan 14 2025 — 10dB recorded
2025-01-14T12:48:43,ONSA,57.4,11.93,4.3,Jan 14 2025 — 10dB recorded
2025-01-14T12:50:11,ONSA,57.4,11.93,2.65,Jan 14 2025 — 10dB recorded
2025-01-14T12:50:12,ONSA,57.4,11.93,2.55,Jan 14 2025 — 10dB recorded
2025-01-14T12:51:42,ONSA,57.4,11.93,3.2,Jan 14 2025 — 10dB recorded
2025-01-14T12:51:43,ONSA,57.4,11.93,3.55,Jan 14 2025 — 10dB recorded
2025-01-14T12:53:34,ONSA,57.4,11.93,3.0,Jan 14 2025 — 10dB recorded
2025-01-14T12:53:35,ONSA,57.4,11.93,4.95,Jan 14 2025 — 10dB recorded
2025-01-14T09:03:19,WSRT,52.91,6.6,2.56,Jan 14 2025 — 10dB recorded
2025-01-14T09:17:24,WSRT,52.91,6.6,2.692,Jan 14 2025 — 10dB recorded
2025-01-14T12:08:09,WSRT,52.91,6.6,3.075,Jan 14 2025 — 10dB recorded
2025-01-14T12:12:30,WSRT,52.91,6.6,3.02,Jan 14 2025 — 10dB recorded
2025-01-14T12:15:10,WSRT,52.91,6.6,3.362,Jan 14 2025 — 10dB recorded
2025-01-14T12:17:08,WSRT,52.91,6.6,2.505,Jan 14 2025 — 10dB recorded
2025-01-14T12:33:16,WSRT,52.91,6.6,3.033,Jan 14 2025 — 10dB recorded
2025-01-14T12:47:21,WSRT,52.91,6.6,2.993,Jan 14 2025 — 10dB recorded
2025-01-14T12:48:43,WSRT,52.91,6.6,2.846,Jan 14 2025 — 10dB recorded
2025-01-14T12:50:11,WSRT,52.91,6.6,2.893,Jan 14 2025 — 10dB recorded
2025-01-14T12:53:35,WSRT,52.91,6.6,3.787,Jan 14 2025 — 10dB recorded
2025-01-14T12:08:09,BRUX,50.8,4.36,3.709,Jan 14 2025 — 10dB recorded
2025-01-14T12:12:30,BRUX,50.8,4.36,3.056,Jan 14 2025 — 10dB recorded
2025-01-14T12:15:10,BRUX,50.8,4.36,3.478,Jan 14 2025 — 10dB recorded
2025-01-14T12:17:08,BRUX,50.8,4.36,2.763,Jan 14 2025 — 10dB recorded
2025-01-14T12:31:53,BRUX,50.8,4.36,2.538,Jan 14 2025 — 10dB recorded
2025-01-14T12:33:16,BRUX,50.8,4.36,3.269,Jan 14 2025 — 10dB recorded
2025-01-14T12:47:21,BRUX,50.8,4.36,2.756,Jan 14 2025 — 10dB recorded
2025-01-14T12:48:43,BRUX,50.8,4.36,2.79,Jan 14 2025 — 10dB recorded
2025-01-14T12:50:11,BRUX,50.8,4.36,2.79,Jan 14 2025 — 10dB recorded
2025-01-14T12:51:43,BRUX,50.8,4.36,2.503,Jan 14 2025 — 10dB recorded
2025-01-14T12:53:35,BRUX,50.8,4.36,3.321,Jan 14 2025 — 10dB recorded
